n,design,family,method,alpha,effect,rate
20,within-2,norm,PAR,0.05,0,0.0504
20,within-2,norm,RNK,0.05,0,0.048
20,within-2,norm,INT,0.05,0,0.0508
20,within-2,norm,NON,0.05,0,0.0486
20,within-2,norm,PAR,0.01,0,0.0124
20,within-2,norm,RNK,0.01,0,0.012
20,within-2,norm,INT,0.01,0,0.012
20,within-2,norm,NON,0.01,0,0.0104
20,within-2,norm,PAR,0.05,0.5,0.3284
20,within-2,norm,RNK,0.05,0.5,0.312
20,within-2,norm,INT,0.05,0.5,0.3162
20,within-2,norm,NON,0.05,0.5,0.3094
20,within-2,norm,PAR,0.01,0.5,0.1266
20,within-2,norm,RNK,0.01,0.5,0.1232
20,within-2,norm,INT,0.01,0.5,0.125
20,within-2,norm,NON,0.01,0.5,0.1178
20,within-2,norm,PAR,0.05,1,0.8518
20,within-2,norm,RNK,0.05,1,0.8362
20,within-2,norm,INT,0.05,1,0.8442
20,within-2,norm,NON,0.05,1,0.8382
20,within-2,norm,PAR,0.01,1,0.6324
20,within-2,norm,RNK,0.01,1,0.6114
20,within-2,norm,INT,0.01,1,0.6144
20,within-2,norm,NON,0.01,1,0.5998
20,within-2,norm,PAR,0.05,1.5,0.9944
20,within-2,norm,RNK,0.05,1.5,0.9916
20,within-2,norm,INT,0.05,1.5,0.9928
20,within-2,norm,NON,0.05,1.5,0.993
20,within-2,norm,PAR,0.01,1.5,0.9552
20,within-2,norm,RNK,0.01,1.5,0.9524
20,within-2,norm,INT,0.01,1.5,0.953
20,within-2,norm,NON,0.01,1.5,0.9456
20,within-2,lnorm,PAR,0.05,0,0.0388
20,within-2,lnorm,RNK,0.05,0,0.053
20,within-2,lnorm,INT,0.05,0,0.0552
20,within-2,lnorm,NON,0.05,0,0.0506
20,within-2,lnorm,PAR,0.01,0,0.004
20,within-2,lnorm,RNK,0.01,0,0.011
20,within-2,lnorm,INT,0.01,0,0.0108
20,within-2,lnorm,NON,0.01,0,0.0116
20,within-2,lnorm,PAR,0.05,0.5,0.2008
20,within-2,lnorm,RNK,0.05,0.5,0.3068
20,within-2,lnorm,INT,0.05,0.5,0.3142
20,within-2,lnorm,NON,0.05,0.5,0.2722
20,within-2,lnorm,PAR,0.01,0.5,0.0416
20,within-2,lnorm,RNK,0.01,0.5,0.1294
20,within-2,lnorm,INT,0.01,0.5,0.1318
20,within-2,lnorm,NON,0.01,0.5,0.1036
20,within-2,lnorm,PAR,0.05,1,0.6356
20,within-2,lnorm,RNK,0.05,1,0.8398
20,within-2,lnorm,INT,0.05,1,0.8468
20,within-2,lnorm,NON,0.05,1,0.7858
20,within-2,lnorm,PAR,0.01,1,0.283
20,within-2,lnorm,RNK,0.01,1,0.6156
20,within-2,lnorm,INT,0.01,1,0.6144
20,within-2,lnorm,NON,0.01,1,0.541
20,within-2,lnorm,PAR,0.05,1.5,0.8904
20,within-2,lnorm,RNK,0.05,1.5,0.9904
20,within-2,lnorm,INT,0.05,1.5,0.9932
20,within-2,lnorm,NON,0.05,1.5,0.9828
20,within-2,lnorm,PAR,0.01,1.5,0.6092
20,within-2,lnorm,RNK,0.01,1.5,0.952
20,within-2,lnorm,INT,0.01,1.5,0.9526
20,within-2,lnorm,NON,0.01,1.5,0.9054
20,within-2,exp,PAR,0.05,0,0.0444
20,within-2,exp,RNK,0.05,0,0.0522
20,within-2,exp,INT,0.05,0,0.052
20,within-2,exp,NON,0.05,0,0.0474
20,within-2,exp,PAR,0.01,0,0.0094
20,within-2,exp,RNK,0.01,0,0.0114
20,within-2,exp,INT,0.01,0,0.0112
20,within-2,exp,NON,0.01,0,0.011
20,within-2,exp,PAR,0.05,0.5,0.2648
20,within-2,exp,RNK,0.05,0.5,0.2536
20,within-2,exp,INT,0.05,0.5,0.2596
20,within-2,exp,NON,0.05,0.5,0.274
20,within-2,exp,PAR,0.01,0.5,0.0738
20,within-2,exp,RNK,0.01,0.5,0.1006
20,within-2,exp,INT,0.01,0.5,0.0976
20,within-2,exp,NON,0.01,0.5,0.0974
20,within-2,exp,PAR,0.05,1,0.7376
20,within-2,exp,RNK,0.05,1,0.7138
20,within-2,exp,INT,0.05,1,0.7176
20,within-2,exp,NON,0.05,1,0.7544
20,within-2,exp,PAR,0.01,1,0.3846
20,within-2,exp,RNK,0.01,1,0.4474
20,within-2,exp,INT,0.01,1,0.4366
20,within-2,exp,NON,0.01,1,0.4804
20,within-2,exp,PAR,0.05,1.5,0.9652
20,within-2,exp,RNK,0.05,1.5,0.9598
20,within-2,exp,INT,0.05,1.5,0.9566
20,within-2,exp,NON,0.05,1.5,0.9776
20,within-2,exp,PAR,0.01,1.5,0.753
20,within-2,exp,RNK,0.01,1.5,0.8454
20,within-2,exp,INT,0.01,1.5,0.8322
20,within-2,exp,NON,0.01,1.5,0.8778
20,within-2,binom,PAR,0.05,0,0.051
20,within-2,binom,RNK,0.05,0,0.0518
20,within-2,binom,INT,0.05,0,0.0492
20,within-2,binom,NON,0.05,0,0.0424
20,within-2,binom,PAR,0.01,0,0.0106
20,within-2,binom,RNK,0.01,0,0.0128
20,within-2,binom,INT,0.01,0,0.0126
20,within-2,binom,NON,0.01,0,0.007
20,within-2,binom,PAR,0.05,0.5,0.2886
20,within-2,binom,RNK,0.05,0.5,0.2738
20,within-2,binom,INT,0.05,0.5,0.2844
20,within-2,binom,NON,0.05,0.5,0.2612
20,within-2,binom,PAR,0.01,0.5,0.1016
20,within-2,binom,RNK,0.01,0.5,0.108
20,within-2,binom,INT,0.01,0.5,0.1068
20,within-2,binom,NON,0.01,0.5,0.076
20,within-2,binom,PAR,0.05,1,0.7878
20,within-2,binom,RNK,0.05,1,0.7622
20,within-2,binom,INT,0.05,1,0.7808
20,within-2,binom,NON,0.05,1,0.7582
20,within-2,binom,PAR,0.01,1,0.5078
20,within-2,binom,RNK,0.01,1,0.5074
20,within-2,binom,INT,0.01,1,0.5202
20,within-2,binom,NON,0.01,1,0.4368
20,within-2,binom,PAR,0.05,1.5,0.9702
20,within-2,binom,RNK,0.05,1.5,0.9624
20,within-2,binom,INT,0.05,1.5,0.968
20,within-2,binom,NON,0.05,1.5,0.964
20,within-2,binom,PAR,0.01,1.5,0.866
20,within-2,binom,RNK,0.01,1.5,0.8626
20,within-2,binom,INT,0.01,1.5,0.8706
20,within-2,binom,NON,0.01,1.5,0.823
20,within-2,poisson,PAR,0.05,0,0.0542
20,within-2,poisson,RNK,0.05,0,0.0526
20,within-2,poisson,INT,0.05,0,0.0536
20,within-2,poisson,NON,0.05,0,0.0486
20,within-2,poisson,PAR,0.01,0,0.0102
20,within-2,poisson,RNK,0.01,0,0.0114
20,within-2,poisson,INT,0.01,0,0.0104
20,within-2,poisson,NON,0.01,0,0.0062
20,within-2,poisson,PAR,0.05,0.5,0.714
20,within-2,poisson,RNK,0.05,0.5,0.675
20,within-2,poisson,INT,0.05,0.5,0.6918
20,within-2,poisson,NON,0.05,0.5,0.6872
20,within-2,poisson,PAR,0.01,0.5,0.4298
20,within-2,poisson,RNK,0.01,0.5,0.4162
20,within-2,poisson,INT,0.01,0.5,0.4264
20,within-2,poisson,NON,0.01,0.5,0.3754
20,within-2,poisson,PAR,0.05,1,0.9972
20,within-2,poisson,RNK,0.05,1,0.995
20,within-2,poisson,INT,0.05,1,0.9968
20,within-2,poisson,NON,0.05,1,0.997
20,within-2,poisson,PAR,0.01,1,0.9764
20,within-2,poisson,RNK,0.01,1,0.9722
20,within-2,poisson,INT,0.01,1,0.9744
20,within-2,poisson,NON,0.01,1,0.968
20,within-2,poisson,PAR,0.05,1.5,1
20,within-2,poisson,RNK,0.05,1.5,1
20,within-2,poisson,INT,0.05,1.5,1
20,within-2,poisson,NON,0.05,1.5,1
20,within-2,poisson,PAR,0.01,1.5,0.9998
20,within-2,poisson,RNK,0.01,1.5,1
20,within-2,poisson,INT,0.01,1.5,1
20,within-2,poisson,NON,0.01,1.5,1
20,within-2,likert,PAR,0.05,0,0.0524
20,within-2,likert,RNK,0.05,0,0.0532
20,within-2,likert,INT,0.05,0,0.0532
20,within-2,likert,NON,0.05,0,0.0434
20,within-2,likert,PAR,0.01,0,0.0118
20,within-2,likert,RNK,0.01,0,0.0118
20,within-2,likert,INT,0.01,0,0.0112
20,within-2,likert,NON,0.01,0,0.0066
20,within-2,likert,PAR,0.05,0.5,0.248
20,within-2,likert,RNK,0.05,0.5,0.2528
20,within-2,likert,INT,0.05,0.5,0.2512
20,within-2,likert,NON,0.05,0.5,0.2198
20,within-2,likert,PAR,0.01,0.5,0.0838
20,within-2,likert,RNK,0.01,0.5,0.0916
20,within-2,likert,INT,0.01,0.5,0.0882
20,within-2,likert,NON,0.01,0.5,0.057
20,within-2,likert,PAR,0.05,1,0.7154
20,within-2,likert,RNK,0.05,1,0.7254
20,within-2,likert,INT,0.05,1,0.7297
20,within-2,likert,NON,0.05,1,0.6763
20,within-2,likert,PAR,0.01,1,0.4446
20,within-2,likert,RNK,0.01,1,0.4654
20,within-2,likert,INT,0.01,1,0.4651
20,within-2,likert,NON,0.01,1,0.3485
20,within-2,likert,PAR,0.05,1.5,0.9552
20,within-2,likert,RNK,0.05,1.5,0.9616
20,within-2,likert,INT,0.05,1.5,0.9632
20,within-2,likert,NON,0.05,1.5,0.9386
20,within-2,likert,PAR,0.01,1.5,0.829
20,within-2,likert,RNK,0.01,1.5,0.8474
20,within-2,likert,INT,0.01,1.5,0.8468
20,within-2,likert,NON,0.01,1.5,0.7518
20,within-3,norm,PAR,0.05,0,0.0524
20,within-3,norm,RNK,0.05,0,0.0532
20,within-3,norm,INT,0.05,0,0.0516
20,within-3,norm,NON,0.05,0,0.0504
20,within-3,norm,PAR,0.01,0,0.0096
20,within-3,norm,RNK,0.01,0,0.0114
20,within-3,norm,INT,0.01,0,0.0104
20,within-3,norm,NON,0.01,0,0.0098
20,within-3,norm,PAR,0.05,0.5,0.2896
20,within-3,norm,RNK,0.05,0.5,0.2738
20,within-3,norm,INT,0.05,0.5,0.2814
20,within-3,norm,NON,0.05,0.5,0.2242
20,within-3,norm,PAR,0.01,0.5,0.1126
20,within-3,norm,RNK,0.01,0.5,0.1122
20,within-3,norm,INT,0.01,0.5,0.1108
20,within-3,norm,NON,0.01,0.5,0.0686
20,within-3,norm,PAR,0.05,1,0.8182
20,within-3,norm,RNK,0.05,1,0.8024
20,within-3,norm,INT,0.05,1,0.8108
20,within-3,norm,NON,0.05,1,0.6894
20,within-3,norm,PAR,0.01,1,0.6036
20,within-3,norm,RNK,0.01,1,0.5826
20,within-3,norm,INT,0.01,1,0.591
20,within-3,norm,NON,0.01,1,0.4054
20,within-3,norm,PAR,0.05,1.5,0.9916
20,within-3,norm,RNK,0.05,1.5,0.9898
20,within-3,norm,INT,0.05,1.5,0.9914
20,within-3,norm,NON,0.05,1.5,0.9616
20,within-3,norm,PAR,0.01,1.5,0.9556
20,within-3,norm,RNK,0.01,1.5,0.9484
20,within-3,norm,INT,0.01,1.5,0.9508
20,within-3,norm,NON,0.01,1.5,0.8354
20,within-3,lnorm,PAR,0.05,0,0.0352
20,within-3,lnorm,RNK,0.05,0,0.0522
20,within-3,lnorm,INT,0.05,0,0.0494
20,within-3,lnorm,NON,0.05,0,0.0548
20,within-3,lnorm,PAR,0.01,0,0.003
20,within-3,lnorm,RNK,0.01,0,0.0094
20,within-3,lnorm,INT,0.01,0,0.0098
20,within-3,lnorm,NON,0.01,0,0.0076
20,within-3,lnorm,PAR,0.05,0.5,0.1652
20,within-3,lnorm,RNK,0.05,0.5,0.2614
20,within-3,lnorm,INT,0.05,0.5,0.2718
20,within-3,lnorm,NON,0.05,0.5,0.2288
20,within-3,lnorm,PAR,0.01,0.5,0.0406
20,within-3,lnorm,RNK,0.01,0.5,0.1074
20,within-3,lnorm,INT,0.01,0.5,0.1028
20,within-3,lnorm,NON,0.01,0.5,0.0634
20,within-3,lnorm,PAR,0.05,1,0.552
20,within-3,lnorm,RNK,0.05,1,0.8028
20,within-3,lnorm,INT,0.05,1,0.8216
20,within-3,lnorm,NON,0.05,1,0.6916
20,within-3,lnorm,PAR,0.01,1,0.2614
20,within-3,lnorm,RNK,0.01,1,0.5864
20,within-3,lnorm,INT,0.01,1,0.5944
20,within-3,lnorm,NON,0.01,1,0.4048
20,within-3,lnorm,PAR,0.05,1.5,0.8456
20,within-3,lnorm,RNK,0.05,1.5,0.9892
20,within-3,lnorm,INT,0.05,1.5,0.9904
20,within-3,lnorm,NON,0.05,1.5,0.9578
20,within-3,lnorm,PAR,0.01,1.5,0.5942
20,within-3,lnorm,RNK,0.01,1.5,0.9494
20,within-3,lnorm,INT,0.01,1.5,0.955
20,within-3,lnorm,NON,0.01,1.5,0.8294
20,within-3,exp,PAR,0.05,0,0.0412
20,within-3,exp,RNK,0.05,0,0.0528
20,within-3,exp,INT,0.05,0,0.05
20,within-3,exp,NON,0.05,0,0.053
20,within-3,exp,PAR,0.01,0,0.0062
20,within-3,exp,RNK,0.01,0,0.0092
20,within-3,exp,INT,0.01,0,0.0096
20,within-3,exp,NON,0.01,0,0.0086
20,within-3,exp,PAR,0.05,0.5,0.2158
20,within-3,exp,RNK,0.05,0.5,0.2152
20,within-3,exp,INT,0.05,0.5,0.2192
20,within-3,exp,NON,0.05,0.5,0.1838
20,within-3,exp,PAR,0.01,0.5,0.0682
20,within-3,exp,RNK,0.01,0.5,0.0766
20,within-3,exp,INT,0.01,0.5,0.0794
20,within-3,exp,NON,0.01,0.5,0.0518
20,within-3,exp,PAR,0.05,1,0.7094
20,within-3,exp,RNK,0.05,1,0.6816
20,within-3,exp,INT,0.05,1,0.6818
20,within-3,exp,NON,0.05,1,0.5684
20,within-3,exp,PAR,0.01,1,0.39
20,within-3,exp,RNK,0.01,1,0.4298
20,within-3,exp,INT,0.01,1,0.4302
20,within-3,exp,NON,0.01,1,0.283
20,within-3,exp,PAR,0.05,1.5,0.9524
20,within-3,exp,RNK,0.05,1.5,0.9546
20,within-3,exp,INT,0.05,1.5,0.9572
20,within-3,exp,NON,0.05,1.5,0.8964
20,within-3,exp,PAR,0.01,1.5,0.7682
20,within-3,exp,RNK,0.01,1.5,0.8522
20,within-3,exp,INT,0.01,1.5,0.8486
20,within-3,exp,NON,0.01,1.5,0.6908
20,within-3,binom,PAR,0.05,0,0.0508
20,within-3,binom,RNK,0.05,0,0.0512
20,within-3,binom,INT,0.05,0,0.0524
20,within-3,binom,NON,0.05,0,0.0446
20,within-3,binom,PAR,0.01,0,0.0074
20,within-3,binom,RNK,0.01,0,0.0084
20,within-3,binom,INT,0.01,0,0.0074
20,within-3,binom,NON,0.01,0,0.0056
20,within-3,binom,PAR,0.05,0.5,0.2424
20,within-3,binom,RNK,0.05,0.5,0.2374
20,within-3,binom,INT,0.05,0.5,0.2484
20,within-3,binom,NON,0.05,0.5,0.2128
20,within-3,binom,PAR,0.01,0.5,0.0932
20,within-3,binom,RNK,0.01,0.5,0.0908
20,within-3,binom,INT,0.01,0.5,0.0952
20,within-3,binom,NON,0.01,0.5,0.0686
20,within-3,binom,PAR,0.05,1,0.7468
20,within-3,binom,RNK,0.05,1,0.7252
20,within-3,binom,INT,0.05,1,0.7474
20,within-3,binom,NON,0.05,1,0.6776
20,within-3,binom,PAR,0.01,1,0.4948
20,within-3,binom,RNK,0.01,1,0.4804
20,within-3,binom,INT,0.01,1,0.4982
20,within-3,binom,NON,0.01,1,0.4086
20,within-3,binom,PAR,0.05,1.5,0.9672
20,within-3,binom,RNK,0.05,1.5,0.9616
20,within-3,binom,INT,0.05,1.5,0.9664
20,within-3,binom,NON,0.05,1.5,0.9452
20,within-3,binom,PAR,0.01,1.5,0.878
20,within-3,binom,RNK,0.01,1.5,0.867
20,within-3,binom,INT,0.01,1.5,0.8822
20,within-3,binom,NON,0.01,1.5,0.8078
20,within-3,poisson,PAR,0.05,0,0.0468
20,within-3,poisson,RNK,0.05,0,0.0504
20,within-3,poisson,INT,0.05,0,0.0478
20,within-3,poisson,NON,0.05,0,0.0498
20,within-3,poisson,PAR,0.01,0,0.0096
20,within-3,poisson,RNK,0.01,0,0.0108
20,within-3,poisson,INT,0.01,0,0.011
20,within-3,poisson,NON,0.01,0,0.0054
20,within-3,poisson,PAR,0.05,0.5,0.6748
20,within-3,poisson,RNK,0.05,0.5,0.64
20,within-3,poisson,INT,0.05,0.5,0.66
20,within-3,poisson,NON,0.05,0.5,0.5678
20,within-3,poisson,PAR,0.01,0.5,0.413
20,within-3,poisson,RNK,0.01,0.5,0.3852
20,within-3,poisson,INT,0.01,0.5,0.4034
20,within-3,poisson,NON,0.01,0.5,0.2958
20,within-3,poisson,PAR,0.05,1,0.9974
20,within-3,poisson,RNK,0.05,1,0.9964
20,within-3,poisson,INT,0.05,1,0.9976
20,within-3,poisson,NON,0.05,1,0.988
20,within-3,poisson,PAR,0.01,1,0.981
20,within-3,poisson,RNK,0.01,1,0.973
20,within-3,poisson,INT,0.01,1,0.977
20,within-3,poisson,NON,0.01,1,0.9364
20,within-3,poisson,PAR,0.05,1.5,1
20,within-3,poisson,RNK,0.05,1.5,1
20,within-3,poisson,INT,0.05,1.5,1
20,within-3,poisson,NON,0.05,1.5,1
20,within-3,poisson,PAR,0.01,1.5,1
20,within-3,poisson,RNK,0.01,1.5,0.9998
20,within-3,poisson,INT,0.01,1.5,0.9998
20,within-3,poisson,NON,0.01,1.5,0.999
20,within-3,likert,PAR,0.05,0,0.0544
20,within-3,likert,RNK,0.05,0,0.0542
20,within-3,likert,INT,0.05,0,0.053
20,within-3,likert,NON,0.05,0,0.0512
20,within-3,likert,PAR,0.01,0,0.0102
20,within-3,likert,RNK,0.01,0,0.0114
20,within-3,likert,INT,0.01,0,0.0124
20,within-3,likert,NON,0.01,0,0.009
20,within-3,likert,PAR,0.05,0.5,0.2174
20,within-3,likert,RNK,0.05,0.5,0.2278
20,within-3,likert,INT,0.05,0.5,0.2254
20,within-3,likert,NON,0.05,0.5,0.2072
20,within-3,likert,PAR,0.01,0.5,0.0786
20,within-3,likert,RNK,0.01,0.5,0.0792
20,within-3,likert,INT,0.01,0.5,0.0812
20,within-3,likert,NON,0.01,0.5,0.0648
20,within-3,likert,PAR,0.05,1,0.6772
20,within-3,likert,RNK,0.05,1,0.6936
20,within-3,likert,INT,0.05,1,0.6966
20,within-3,likert,NON,0.05,1,0.6548
20,within-3,likert,PAR,0.01,1,0.423
20,within-3,likert,RNK,0.01,1,0.4462
20,within-3,likert,INT,0.01,1,0.4498
20,within-3,likert,NON,0.01,1,0.3694
20,within-3,likert,PAR,0.05,1.5,0.9394
20,within-3,likert,RNK,0.05,1.5,0.949
20,within-3,likert,INT,0.05,1.5,0.9514
20,within-3,likert,NON,0.05,1.5,0.9318
20,within-3,likert,PAR,0.01,1.5,0.8154
20,within-3,likert,RNK,0.01,1.5,0.8434
20,within-3,likert,INT,0.01,1.5,0.844
20,within-3,likert,NON,0.01,1.5,0.787
20,within-4,norm,PAR,0.05,0,0.051
20,within-4,norm,RNK,0.05,0,0.051
20,within-4,norm,INT,0.05,0,0.0516
20,within-4,norm,NON,0.05,0,0.0516
20,within-4,norm,PAR,0.01,0,0.0086
20,within-4,norm,RNK,0.01,0,0.0098
20,within-4,norm,INT,0.01,0,0.0094
20,within-4,norm,NON,0.01,0,0.007
20,within-4,norm,PAR,0.05,0.5,0.2682
20,within-4,norm,RNK,0.05,0.5,0.2532
20,within-4,norm,INT,0.05,0.5,0.2626
20,within-4,norm,NON,0.05,0.5,0.202
20,within-4,norm,PAR,0.01,0.5,0.099
20,within-4,norm,RNK,0.01,0.5,0.0962
20,within-4,norm,INT,0.01,0.5,0.0954
20,within-4,norm,NON,0.01,0.5,0.0624
20,within-4,norm,PAR,0.05,1,0.818
20,within-4,norm,RNK,0.05,1,0.796
20,within-4,norm,INT,0.05,1,0.8134
20,within-4,norm,NON,0.05,1,0.699
20,within-4,norm,PAR,0.01,1,0.6064
20,within-4,norm,RNK,0.01,1,0.5834
20,within-4,norm,INT,0.01,1,0.5956
20,within-4,norm,NON,0.01,1,0.4328
20,within-4,norm,PAR,0.05,1.5,0.9944
20,within-4,norm,RNK,0.05,1.5,0.9936
20,within-4,norm,INT,0.05,1.5,0.9938
20,within-4,norm,NON,0.05,1.5,0.9698
20,within-4,norm,PAR,0.01,1.5,0.9666
20,within-4,norm,RNK,0.01,1.5,0.955
20,within-4,norm,INT,0.01,1.5,0.9632
20,within-4,norm,NON,0.01,1.5,0.8832
20,within-4,lnorm,PAR,0.05,0,0.0356
20,within-4,lnorm,RNK,0.05,0,0.054
20,within-4,lnorm,INT,0.05,0,0.0518
20,within-4,lnorm,NON,0.05,0,0.0502
20,within-4,lnorm,PAR,0.01,0,0.0058
20,within-4,lnorm,RNK,0.01,0,0.011
20,within-4,lnorm,INT,0.01,0,0.0102
20,within-4,lnorm,NON,0.01,0,0.01
20,within-4,lnorm,PAR,0.05,0.5,0.144
20,within-4,lnorm,RNK,0.05,0.5,0.2524
20,within-4,lnorm,INT,0.05,0.5,0.2516
20,within-4,lnorm,NON,0.05,0.5,0.202
20,within-4,lnorm,PAR,0.01,0.5,0.044
20,within-4,lnorm,RNK,0.01,0.5,0.1008
20,within-4,lnorm,INT,0.01,0.5,0.1038
20,within-4,lnorm,NON,0.01,0.5,0.0644
20,within-4,lnorm,PAR,0.05,1,0.5392
20,within-4,lnorm,RNK,0.05,1,0.8114
20,within-4,lnorm,INT,0.05,1,0.824
20,within-4,lnorm,NON,0.05,1,0.7012
20,within-4,lnorm,PAR,0.01,1,0.2626
20,within-4,lnorm,RNK,0.01,1,0.5876
20,within-4,lnorm,INT,0.01,1,0.6016
20,within-4,lnorm,NON,0.01,1,0.4284
20,within-4,lnorm,PAR,0.05,1.5,0.8426
20,within-4,lnorm,RNK,0.05,1.5,0.9886
20,within-4,lnorm,INT,0.05,1.5,0.9926
20,within-4,lnorm,NON,0.05,1.5,0.9668
20,within-4,lnorm,PAR,0.01,1.5,0.6236
20,within-4,lnorm,RNK,0.01,1.5,0.9518
20,within-4,lnorm,INT,0.01,1.5,0.9604
20,within-4,lnorm,NON,0.01,1.5,0.875
20,within-4,exp,PAR,0.05,0,0.043
20,within-4,exp,RNK,0.05,0,0.0492
20,within-4,exp,INT,0.05,0,0.0474
20,within-4,exp,NON,0.05,0,0.0488
20,within-4,exp,PAR,0.01,0,0.0062
20,within-4,exp,RNK,0.01,0,0.0098
20,within-4,exp,INT,0.01,0,0.009
20,within-4,exp,NON,0.01,0,0.0078
20,within-4,exp,PAR,0.05,0.5,0.213
20,within-4,exp,RNK,0.05,0.5,0.203
20,within-4,exp,INT,0.05,0.5,0.2068
20,within-4,exp,NON,0.05,0.5,0.1724
20,within-4,exp,PAR,0.01,0.5,0.0702
20,within-4,exp,RNK,0.01,0.5,0.0716
20,within-4,exp,INT,0.01,0.5,0.0736
20,within-4,exp,NON,0.01,0.5,0.0494
20,within-4,exp,PAR,0.05,1,0.695
20,within-4,exp,RNK,0.05,1,0.6742
20,within-4,exp,INT,0.05,1,0.6814
20,within-4,exp,NON,0.05,1,0.5722
20,within-4,exp,PAR,0.01,1,0.4106
20,within-4,exp,RNK,0.01,1,0.4306
20,within-4,exp,INT,0.01,1,0.4336
20,within-4,exp,NON,0.01,1,0.3076
20,within-4,exp,PAR,0.05,1.5,0.9518
20,within-4,exp,RNK,0.05,1.5,0.9584
20,within-4,exp,INT,0.05,1.5,0.9604
20,within-4,exp,NON,0.05,1.5,0.9024
20,within-4,exp,PAR,0.01,1.5,0.8008
20,within-4,exp,RNK,0.01,1.5,0.8546
20,within-4,exp,INT,0.01,1.5,0.8614
20,within-4,exp,NON,0.01,1.5,0.7256
20,within-4,binom,PAR,0.05,0,0.0478
20,within-4,binom,RNK,0.05,0,0.0506
20,within-4,binom,INT,0.05,0,0.05
20,within-4,binom,NON,0.05,0,0.046
20,within-4,binom,PAR,0.01,0,0.0096
20,within-4,binom,RNK,0.01,0,0.0106
20,within-4,binom,INT,0.01,0,0.0104
20,within-4,binom,NON,0.01,0,0.0098
20,within-4,binom,PAR,0.05,0.5,0.2332
20,within-4,binom,RNK,0.05,0.5,0.2264
20,within-4,binom,INT,0.05,0.5,0.2356
20,within-4,binom,NON,0.05,0.5,0.2064
20,within-4,binom,PAR,0.01,0.5,0.0884
20,within-4,binom,RNK,0.01,0.5,0.0872
20,within-4,binom,INT,0.01,0.5,0.0904
20,within-4,binom,NON,0.01,0.5,0.067
20,within-4,binom,PAR,0.05,1,0.7368
20,within-4,binom,RNK,0.05,1,0.7094
20,within-4,binom,INT,0.05,1,0.7308
20,within-4,binom,NON,0.05,1,0.6722
20,within-4,binom,PAR,0.01,1,0.509
20,within-4,binom,RNK,0.01,1,0.4802
20,within-4,binom,INT,0.01,1,0.506
20,within-4,binom,NON,0.01,1,0.4198
20,within-4,binom,PAR,0.05,1.5,0.9698
20,within-4,binom,RNK,0.05,1.5,0.9626
20,within-4,binom,INT,0.05,1.5,0.9682
20,within-4,binom,NON,0.05,1.5,0.9486
20,within-4,binom,PAR,0.01,1.5,0.8948
20,within-4,binom,RNK,0.01,1.5,0.8806
20,within-4,binom,INT,0.01,1.5,0.8954
20,within-4,binom,NON,0.01,1.5,0.836
20,within-4,poisson,PAR,0.05,0,0.0448
20,within-4,poisson,RNK,0.05,0,0.0506
20,within-4,poisson,INT,0.05,0,0.0444
20,within-4,poisson,NON,0.05,0,0.0432
20,within-4,poisson,PAR,0.01,0,0.008
20,within-4,poisson,RNK,0.01,0,0.0074
20,within-4,poisson,INT,0.01,0,0.0084
20,within-4,poisson,NON,0.01,0,0.007
20,within-4,poisson,PAR,0.05,0.5,0.6778
20,within-4,poisson,RNK,0.05,0.5,0.6412
20,within-4,poisson,INT,0.05,0.5,0.664
20,within-4,poisson,NON,0.05,0.5,0.5694
20,within-4,poisson,PAR,0.01,0.5,0.4262
20,within-4,poisson,RNK,0.01,0.5,0.3882
20,within-4,poisson,INT,0.01,0.5,0.4106
20,within-4,poisson,NON,0.01,0.5,0.3194
20,within-4,poisson,PAR,0.05,1,0.9966
20,within-4,poisson,RNK,0.05,1,0.9956
20,within-4,poisson,INT,0.05,1,0.996
20,within-4,poisson,NON,0.05,1,0.9912
20,within-4,poisson,PAR,0.01,1,0.9816
20,within-4,poisson,RNK,0.01,1,0.9784
20,within-4,poisson,INT,0.01,1,0.9822
20,within-4,poisson,NON,0.01,1,0.9518
20,within-4,poisson,PAR,0.05,1.5,1
20,within-4,poisson,RNK,0.05,1.5,1
20,within-4,poisson,INT,0.05,1.5,1
20,within-4,poisson,NON,0.05,1.5,1
20,within-4,poisson,PAR,0.01,1.5,1
20,within-4,poisson,RNK,0.01,1.5,1
20,within-4,poisson,INT,0.01,1.5,1
20,within-4,poisson,NON,0.01,1.5,0.9998
20,within-4,likert,PAR,0.05,0,0.0492
20,within-4,likert,RNK,0.05,0,0.0506
20,within-4,likert,INT,0.05,0,0.0516
20,within-4,likert,NON,0.05,0,0.0492
20,within-4,likert,PAR,0.01,0,0.01
20,within-4,likert,RNK,0.01,0,0.0106
20,within-4,likert,INT,0.01,0,0.0092
20,within-4,likert,NON,0.01,0,0.0102
20,within-4,likert,PAR,0.05,0.5,0.2114
20,within-4,likert,RNK,0.05,0.5,0.2108
20,within-4,likert,INT,0.05,0.5,0.2156
20,within-4,likert,NON,0.05,0.5,0.198
20,within-4,likert,PAR,0.01,0.5,0.075
20,within-4,likert,RNK,0.01,0.5,0.081
20,within-4,likert,INT,0.01,0.5,0.081
20,within-4,likert,NON,0.01,0.5,0.0648
20,within-4,likert,PAR,0.05,1,0.6676
20,within-4,likert,RNK,0.05,1,0.6844
20,within-4,likert,INT,0.05,1,0.6902
20,within-4,likert,NON,0.05,1,0.6502
20,within-4,likert,PAR,0.01,1,0.423
20,within-4,likert,RNK,0.01,1,0.441
20,within-4,likert,INT,0.01,1,0.4466
20,within-4,likert,NON,0.01,1,0.3776
20,within-4,likert,PAR,0.05,1.5,0.9446
20,within-4,likert,RNK,0.05,1.5,0.9544
20,within-4,likert,INT,0.05,1.5,0.9574
20,within-4,likert,NON,0.05,1.5,0.9418
20,within-4,likert,PAR,0.01,1.5,0.8408
20,within-4,likert,RNK,0.01,1.5,0.8626
20,within-4,likert,INT,0.01,1.5,0.8668
20,within-4,likert,NON,0.01,1.5,0.8196
20,between-2,norm,PAR,0.05,0,0.0492
20,between-2,norm,RNK,0.05,0,0.0462
20,between-2,norm,INT,0.05,0,0.0484
20,between-2,norm,NON,0.05,0,0.0462
20,between-2,norm,PAR,0.01,0,0.0098
20,between-2,norm,RNK,0.01,0,0.0112
20,between-2,norm,INT,0.01,0,0.0096
20,between-2,norm,NON,0.01,0,0.01
20,between-2,norm,PAR,0.05,0.5,0.3036
20,between-2,norm,RNK,0.05,0.5,0.2888
20,between-2,norm,INT,0.05,0.5,0.2988
20,between-2,norm,NON,0.05,0.5,0.2888
20,between-2,norm,PAR,0.01,0.5,0.1236
20,between-2,norm,RNK,0.01,0.5,0.1274
20,between-2,norm,INT,0.01,0.5,0.1186
20,between-2,norm,NON,0.01,0.5,0.1094
20,between-2,norm,PAR,0.05,1,0.8336
20,between-2,norm,RNK,0.05,1,0.8136
20,between-2,norm,INT,0.05,1,0.8276
20,between-2,norm,NON,0.05,1,0.8136
20,between-2,norm,PAR,0.01,1,0.6158
20,between-2,norm,RNK,0.01,1,0.608
20,between-2,norm,INT,0.01,1,0.608
20,between-2,norm,NON,0.01,1,0.57
20,between-2,norm,PAR,0.05,1.5,0.9904
20,between-2,norm,RNK,0.05,1.5,0.987
20,between-2,norm,INT,0.05,1.5,0.9888
20,between-2,norm,NON,0.05,1.5,0.987
20,between-2,norm,PAR,0.01,1.5,0.9508
20,between-2,norm,RNK,0.01,1.5,0.9472
20,between-2,norm,INT,0.01,1.5,0.9456
20,between-2,norm,NON,0.01,1.5,0.934
20,between-2,lnorm,PAR,0.05,0,0.0444
20,between-2,lnorm,RNK,0.05,0,0.0526
20,between-2,lnorm,INT,0.05,0,0.0578
20,between-2,lnorm,NON,0.05,0,0.0526
20,between-2,lnorm,PAR,0.01,0,0.0044
20,between-2,lnorm,RNK,0.01,0,0.0138
20,between-2,lnorm,INT,0.01,0,0.0122
20,between-2,lnorm,NON,0.01,0,0.0112
20,between-2,lnorm,PAR,0.05,0.5,0.2032
20,between-2,lnorm,RNK,0.05,0.5,0.2942
20,between-2,lnorm,INT,0.05,0.5,0.305
20,between-2,lnorm,NON,0.05,0.5,0.2942
20,between-2,lnorm,PAR,0.01,0.5,0.0504
20,between-2,lnorm,RNK,0.01,0.5,0.132
20,between-2,lnorm,INT,0.01,0.5,0.1256
20,between-2,lnorm,NON,0.01,0.5,0.111
20,between-2,lnorm,PAR,0.05,1,0.6378
20,between-2,lnorm,RNK,0.05,1,0.8158
20,between-2,lnorm,INT,0.05,1,0.8282
20,between-2,lnorm,NON,0.05,1,0.8158
20,between-2,lnorm,PAR,0.01,1,0.3074
20,between-2,lnorm,RNK,0.01,1,0.6178
20,between-2,lnorm,INT,0.01,1,0.6114
20,between-2,lnorm,NON,0.01,1,0.5788
20,between-2,lnorm,PAR,0.05,1.5,0.895
20,between-2,lnorm,RNK,0.05,1.5,0.988
20,between-2,lnorm,INT,0.05,1.5,0.9916
20,between-2,lnorm,NON,0.05,1.5,0.988
20,between-2,lnorm,PAR,0.01,1.5,0.6438
20,between-2,lnorm,RNK,0.01,1.5,0.9508
20,between-2,lnorm,INT,0.01,1.5,0.9512
20,between-2,lnorm,NON,0.01,1.5,0.9396
20,between-2,exp,PAR,0.05,0,0.0488
20,between-2,exp,RNK,0.05,0,0.049
20,between-2,exp,INT,0.05,0,0.05
20,between-2,exp,NON,0.05,0,0.049
20,between-2,exp,PAR,0.01,0,0.0068
20,between-2,exp,RNK,0.01,0,0.012
20,between-2,exp,INT,0.01,0,0.0104
20,between-2,exp,NON,0.01,0,0.0094
20,between-2,exp,PAR,0.05,0.5,0.258
20,between-2,exp,RNK,0.05,0.5,0.2456
20,between-2,exp,INT,0.05,0.5,0.251
20,between-2,exp,NON,0.05,0.5,0.2456
20,between-2,exp,PAR,0.01,0.5,0.0756
20,between-2,exp,RNK,0.01,0.5,0.0954
20,between-2,exp,INT,0.01,0.5,0.0924
20,between-2,exp,NON,0.01,0.5,0.0816
20,between-2,exp,PAR,0.05,1,0.7502
20,between-2,exp,RNK,0.05,1,0.7008
20,between-2,exp,INT,0.05,1,0.7058
20,between-2,exp,NON,0.05,1,0.7008
20,between-2,exp,PAR,0.01,1,0.4252
20,between-2,exp,RNK,0.01,1,0.483
20,between-2,exp,INT,0.01,1,0.4718
20,between-2,exp,NON,0.01,1,0.4438
20,between-2,exp,PAR,0.05,1.5,0.9638
20,between-2,exp,RNK,0.05,1.5,0.9574
20,between-2,exp,INT,0.05,1.5,0.9584
20,between-2,exp,NON,0.05,1.5,0.9574
20,between-2,exp,PAR,0.01,1.5,0.7936
20,between-2,exp,RNK,0.01,1.5,0.8676
20,between-2,exp,INT,0.01,1.5,0.8576
20,between-2,exp,NON,0.01,1.5,0.8472
20,between-2,binom,PAR,0.05,0,0.051
20,between-2,binom,RNK,0.05,0,0.0502
20,between-2,binom,INT,0.05,0,0.0494
20,between-2,binom,NON,0.05,0,0.0478
20,between-2,binom,PAR,0.01,0,0.0098
20,between-2,binom,RNK,0.01,0,0.0104
20,between-2,binom,INT,0.01,0,0.01
20,between-2,binom,NON,0.01,0,0.0086
20,between-2,binom,PAR,0.05,0.5,0.2704
20,between-2,binom,RNK,0.05,0.5,0.261
20,between-2,binom,INT,0.05,0.5,0.2644
20,between-2,binom,NON,0.05,0.5,0.2582
20,between-2,binom,PAR,0.01,0.5,0.1052
20,between-2,binom,RNK,0.01,0.5,0.1066
20,between-2,binom,INT,0.01,0.5,0.1068
20,between-2,binom,NON,0.01,0.5,0.095
20,between-2,binom,PAR,0.05,1,0.7622
20,between-2,binom,RNK,0.05,1,0.7388
20,between-2,binom,INT,0.05,1,0.7594
20,between-2,binom,NON,0.05,1,0.7344
20,between-2,binom,PAR,0.01,1,0.5058
20,between-2,binom,RNK,0.01,1,0.5014
20,between-2,binom,INT,0.01,1,0.5182
20,between-2,binom,NON,0.01,1,0.4792
20,between-2,binom,PAR,0.05,1.5,0.972
20,between-2,binom,RNK,0.05,1.5,0.9638
20,between-2,binom,INT,0.05,1.5,0.9706
20,between-2,binom,NON,0.05,1.5,0.9626
20,between-2,binom,PAR,0.01,1.5,0.885
20,between-2,binom,RNK,0.01,1.5,0.8782
20,between-2,binom,INT,0.01,1.5,0.8882
20,between-2,binom,NON,0.01,1.5,0.8642
20,between-2,poisson,PAR,0.05,0,0.0464
20,between-2,poisson,RNK,0.05,0,0.0458
20,between-2,poisson,INT,0.05,0,0.0488
20,between-2,poisson,NON,0.05,0,0.045
20,between-2,poisson,PAR,0.01,0,0.0066
20,between-2,poisson,RNK,0.01,0,0.0092
20,between-2,poisson,INT,0.01,0,0.009
20,between-2,poisson,NON,0.01,0,0.0078
20,between-2,poisson,PAR,0.05,0.5,0.637
20,between-2,poisson,RNK,0.05,0.5,0.6182
20,between-2,poisson,INT,0.05,0.5,0.6272
20,between-2,poisson,NON,0.05,0.5,0.6136
20,between-2,poisson,PAR,0.01,0.5,0.3738
20,between-2,poisson,RNK,0.01,0.5,0.3756
20,between-2,poisson,INT,0.01,0.5,0.3782
20,between-2,poisson,NON,0.01,0.5,0.3524
20,between-2,poisson,PAR,0.05,1,0.991
20,between-2,poisson,RNK,0.05,1,0.9868
20,between-2,poisson,INT,0.05,1,0.9886
20,between-2,poisson,NON,0.05,1,0.9864
20,between-2,poisson,PAR,0.01,1,0.9494
20,between-2,poisson,RNK,0.01,1,0.9504
20,between-2,poisson,INT,0.01,1,0.951
20,between-2,poisson,NON,0.01,1,0.9424
20,between-2,poisson,PAR,0.05,1.5,1
20,between-2,poisson,RNK,0.05,1.5,1
20,between-2,poisson,INT,0.05,1.5,1
20,between-2,poisson,NON,0.05,1.5,1
20,between-2,poisson,PAR,0.01,1.5,0.9986
20,between-2,poisson,RNK,0.01,1.5,0.999
20,between-2,poisson,INT,0.01,1.5,0.9992
20,between-2,poisson,NON,0.01,1.5,0.9986
20,between-2,likert,PAR,0.05,0,0.0488
20,between-2,likert,RNK,0.05,0,0.0512
20,between-2,likert,INT,0.05,0,0.0512
20,between-2,likert,NON,0.05,0,0.049
20,between-2,likert,PAR,0.01,0,0.0076
20,between-2,likert,RNK,0.01,0,0.0104
20,between-2,likert,INT,0.01,0,0.0098
20,between-2,likert,NON,0.01,0,0.0086
20,between-2,likert,PAR,0.05,0.5,0.2398
20,between-2,likert,RNK,0.05,0.5,0.2436
20,between-2,likert,INT,0.05,0.5,0.2464
20,between-2,likert,NON,0.05,0.5,0.2404
20,between-2,likert,PAR,0.01,0.5,0.0916
20,between-2,likert,RNK,0.01,0.5,0.0984
20,between-2,likert,INT,0.01,0.5,0.0974
20,between-2,likert,NON,0.01,0.5,0.0888
20,between-2,likert,PAR,0.05,1,0.719
20,between-2,likert,RNK,0.05,1,0.7274
20,between-2,likert,INT,0.05,1,0.7347
20,between-2,likert,NON,0.05,1,0.7249
20,between-2,likert,PAR,0.01,1,0.4574
20,between-2,likert,RNK,0.01,1,0.487
20,between-2,likert,INT,0.01,1,0.4848
20,between-2,likert,NON,0.01,1,0.4556
20,between-2,likert,PAR,0.05,1.5,0.9458
20,between-2,likert,RNK,0.05,1.5,0.9512
20,between-2,likert,INT,0.05,1.5,0.9538
20,between-2,likert,NON,0.05,1.5,0.95
20,between-2,likert,PAR,0.01,1.5,0.818
20,between-2,likert,RNK,0.01,1.5,0.8442
20,between-2,likert,INT,0.01,1.5,0.842
20,between-2,likert,NON,0.01,1.5,0.8306
20,between-3,norm,PAR,0.05,0,0.05
20,between-3,norm,RNK,0.05,0,0.0512
20,between-3,norm,INT,0.05,0,0.048
20,between-3,norm,NON,0.05,0,0.048
20,between-3,norm,PAR,0.01,0,0.011
20,between-3,norm,RNK,0.01,0,0.0128
20,between-3,norm,INT,0.01,0,0.0118
20,between-3,norm,NON,0.01,0,0.0098
20,between-3,norm,PAR,0.05,0.5,0.2742
20,between-3,norm,RNK,0.05,0.5,0.2654
20,between-3,norm,INT,0.05,0.5,0.2686
20,between-3,norm,NON,0.05,0.5,0.2572
20,between-3,norm,PAR,0.01,0.5,0.1066
20,between-3,norm,RNK,0.01,0.5,0.1066
20,between-3,norm,INT,0.01,0.5,0.1044
20,between-3,norm,NON,0.01,0.5,0.0958
20,between-3,norm,PAR,0.05,1,0.7902
20,between-3,norm,RNK,0.05,1,0.7712
20,between-3,norm,INT,0.05,1,0.7794
20,between-3,norm,NON,0.05,1,0.7626
20,between-3,norm,PAR,0.01,1,0.5652
20,between-3,norm,RNK,0.01,1,0.5478
20,between-3,norm,INT,0.01,1,0.5582
20,between-3,norm,NON,0.01,1,0.5194
20,between-3,norm,PAR,0.05,1.5,0.989
20,between-3,norm,RNK,0.05,1.5,0.9852
20,between-3,norm,INT,0.05,1.5,0.9876
20,between-3,norm,NON,0.05,1.5,0.9838
20,between-3,norm,PAR,0.01,1.5,0.949
20,between-3,norm,RNK,0.01,1.5,0.9436
20,between-3,norm,INT,0.01,1.5,0.9442
20,between-3,norm,NON,0.01,1.5,0.9336
20,between-3,lnorm,PAR,0.05,0,0.0382
20,between-3,lnorm,RNK,0.05,0,0.0554
20,between-3,lnorm,INT,0.05,0,0.0522
20,between-3,lnorm,NON,0.05,0,0.0526
20,between-3,lnorm,PAR,0.01,0,0.005
20,between-3,lnorm,RNK,0.01,0,0.0102
20,between-3,lnorm,INT,0.01,0,0.0092
20,between-3,lnorm,NON,0.01,0,0.0084
20,between-3,lnorm,PAR,0.05,0.5,0.1486
20,between-3,lnorm,RNK,0.05,0.5,0.2516
20,between-3,lnorm,INT,0.05,0.5,0.2518
20,between-3,lnorm,NON,0.05,0.5,0.2438
20,between-3,lnorm,PAR,0.01,0.5,0.0402
20,between-3,lnorm,RNK,0.01,0.5,0.1018
20,between-3,lnorm,INT,0.01,0.5,0.1004
20,between-3,lnorm,NON,0.01,0.5,0.0876
20,between-3,lnorm,PAR,0.05,1,0.5364
20,between-3,lnorm,RNK,0.05,1,0.788
20,between-3,lnorm,INT,0.05,1,0.7924
20,between-3,lnorm,NON,0.05,1,0.7792
20,between-3,lnorm,PAR,0.01,1,0.2524
20,between-3,lnorm,RNK,0.01,1,0.5618
20,between-3,lnorm,INT,0.01,1,0.5686
20,between-3,lnorm,NON,0.01,1,0.528
20,between-3,lnorm,PAR,0.05,1.5,0.8382
20,between-3,lnorm,RNK,0.05,1.5,0.9842
20,between-3,lnorm,INT,0.05,1.5,0.9856
20,between-3,lnorm,NON,0.05,1.5,0.9836
20,between-3,lnorm,PAR,0.01,1.5,0.5824
20,between-3,lnorm,RNK,0.01,1.5,0.9332
20,between-3,lnorm,INT,0.01,1.5,0.941
20,between-3,lnorm,NON,0.01,1.5,0.9222
20,between-3,exp,PAR,0.05,0,0.0436
20,between-3,exp,RNK,0.05,0,0.0514
20,between-3,exp,INT,0.05,0,0.0508
20,between-3,exp,NON,0.05,0,0.0478
20,between-3,exp,PAR,0.01,0,0.0082
20,between-3,exp,RNK,0.01,0,0.0108
20,between-3,exp,INT,0.01,0,0.0092
20,between-3,exp,NON,0.01,0,0.0094
20,between-3,exp,PAR,0.05,0.5,0.2196
20,between-3,exp,RNK,0.05,0.5,0.2178
20,between-3,exp,INT,0.05,0.5,0.223
20,between-3,exp,NON,0.05,0.5,0.2122
20,between-3,exp,PAR,0.01,0.5,0.0716
20,between-3,exp,RNK,0.01,0.5,0.0818
20,between-3,exp,INT,0.01,0.5,0.0818
20,between-3,exp,NON,0.01,0.5,0.0714
20,between-3,exp,PAR,0.05,1,0.6844
20,between-3,exp,RNK,0.05,1,0.662
20,between-3,exp,INT,0.05,1,0.6764
20,between-3,exp,NON,0.05,1,0.6526
20,between-3,exp,PAR,0.01,1,0.382
20,between-3,exp,RNK,0.01,1,0.4244
20,between-3,exp,INT,0.01,1,0.4228
20,between-3,exp,NON,0.01,1,0.3944
20,between-3,exp,PAR,0.05,1.5,0.9438
20,between-3,exp,RNK,0.05,1.5,0.9474
20,between-3,exp,INT,0.05,1.5,0.9446
20,between-3,exp,NON,0.05,1.5,0.9442
20,between-3,exp,PAR,0.01,1.5,0.7634
20,between-3,exp,RNK,0.01,1.5,0.83
20,between-3,exp,INT,0.01,1.5,0.8298
20,between-3,exp,NON,0.01,1.5,0.8122
20,between-3,binom,PAR,0.05,0,0.0472
20,between-3,binom,RNK,0.05,0,0.0454
20,between-3,binom,INT,0.05,0,0.0472
20,between-3,binom,NON,0.05,0,0.0432
20,between-3,binom,PAR,0.01,0,0.0098
20,between-3,binom,RNK,0.01,0,0.0094
20,between-3,binom,INT,0.01,0,0.0096
20,between-3,binom,NON,0.01,0,0.0078
20,between-3,binom,PAR,0.05,0.5,0.237
20,between-3,binom,RNK,0.05,0.5,0.2292
20,between-3,binom,INT,0.05,0.5,0.2396
20,between-3,binom,NON,0.05,0.5,0.2222
20,between-3,binom,PAR,0.01,0.5,0.0882
20,between-3,binom,RNK,0.01,0.5,0.084
20,between-3,binom,INT,0.01,0.5,0.0898
20,between-3,binom,NON,0.01,0.5,0.0748
20,between-3,binom,PAR,0.05,1,0.7056
20,between-3,binom,RNK,0.05,1,0.6826
20,between-3,binom,INT,0.05,1,0.7032
20,between-3,binom,NON,0.05,1,0.6742
20,between-3,binom,PAR,0.01,1,0.4642
20,between-3,binom,RNK,0.01,1,0.4524
20,between-3,binom,INT,0.01,1,0.469
20,between-3,binom,NON,0.01,1,0.4208
20,between-3,binom,PAR,0.05,1.5,0.9626
20,between-3,binom,RNK,0.05,1.5,0.9554
20,between-3,binom,INT,0.05,1.5,0.9614
20,between-3,binom,NON,0.05,1.5,0.9536
20,between-3,binom,PAR,0.01,1.5,0.865
20,between-3,binom,RNK,0.01,1.5,0.8558
20,between-3,binom,INT,0.01,1.5,0.8682
20,between-3,binom,NON,0.01,1.5,0.8374
20,between-3,poisson,PAR,0.05,0,0.0492
20,between-3,poisson,RNK,0.05,0,0.0526
20,between-3,poisson,INT,0.05,0,0.0494
20,between-3,poisson,NON,0.05,0,0.0488
20,between-3,poisson,PAR,0.01,0,0.0096
20,between-3,poisson,RNK,0.01,0,0.0116
20,between-3,poisson,INT,0.01,0,0.009
20,between-3,poisson,NON,0.01,0,0.01
20,between-3,poisson,PAR,0.05,0.5,0.5666
20,between-3,poisson,RNK,0.05,0.5,0.5498
20,between-3,poisson,INT,0.05,0.5,0.564
20,between-3,poisson,NON,0.05,0.5,0.5396
20,between-3,poisson,PAR,0.01,0.5,0.3194
20,between-3,poisson,RNK,0.01,0.5,0.3126
20,between-3,poisson,INT,0.01,0.5,0.3176
20,between-3,poisson,NON,0.01,0.5,0.2904
20,between-3,poisson,PAR,0.05,1,0.9882
20,between-3,poisson,RNK,0.05,1,0.9854
20,between-3,poisson,INT,0.05,1,0.987
20,between-3,poisson,NON,0.05,1,0.9846
20,between-3,poisson,PAR,0.01,1,0.944
20,between-3,poisson,RNK,0.01,1,0.9384
20,between-3,poisson,INT,0.01,1,0.9444
20,between-3,poisson,NON,0.01,1,0.93
20,between-3,poisson,PAR,0.05,1.5,0.9998
20,between-3,poisson,RNK,0.05,1.5,1
20,between-3,poisson,INT,0.05,1.5,1
20,between-3,poisson,NON,0.05,1.5,1
20,between-3,poisson,PAR,0.01,1.5,0.9992
20,between-3,poisson,RNK,0.01,1.5,0.9988
20,between-3,poisson,INT,0.01,1.5,0.999
20,between-3,poisson,NON,0.01,1.5,0.9984
20,between-3,likert,PAR,0.05,0,0.0484
20,between-3,likert,RNK,0.05,0,0.0486
20,between-3,likert,INT,0.05,0,0.0474
20,between-3,likert,NON,0.05,0,0.045
20,between-3,likert,PAR,0.01,0,0.008
20,between-3,likert,RNK,0.01,0,0.0104
20,between-3,likert,INT,0.01,0,0.0092
20,between-3,likert,NON,0.01,0,0.0078
20,between-3,likert,PAR,0.05,0.5,0.2044
20,between-3,likert,RNK,0.05,0.5,0.2128
20,between-3,likert,INT,0.05,0.5,0.213
20,between-3,likert,NON,0.05,0.5,0.206
20,between-3,likert,PAR,0.01,0.5,0.0732
20,between-3,likert,RNK,0.01,0.5,0.081
20,between-3,likert,INT,0.01,0.5,0.08
20,between-3,likert,NON,0.01,0.5,0.069
20,between-3,likert,PAR,0.05,1,0.6598
20,between-3,likert,RNK,0.05,1,0.6712
20,between-3,likert,INT,0.05,1,0.677
20,between-3,likert,NON,0.05,1,0.6596
20,between-3,likert,PAR,0.01,1,0.4102
20,between-3,likert,RNK,0.01,1,0.425
20,between-3,likert,INT,0.01,1,0.4294
20,between-3,likert,NON,0.01,1,0.3956
20,between-3,likert,PAR,0.05,1.5,0.9304
20,between-3,likert,RNK,0.05,1.5,0.9414
20,between-3,likert,INT,0.05,1.5,0.945
20,between-3,likert,NON,0.05,1.5,0.9384
20,between-3,likert,PAR,0.01,1.5,0.8036
20,between-3,likert,RNK,0.01,1.5,0.8288
20,between-3,likert,INT,0.01,1.5,0.83
20,between-3,likert,NON,0.01,1.5,0.8092
20,between-4,norm,PAR,0.05,0,0.0532
20,between-4,norm,RNK,0.05,0,0.053
20,between-4,norm,INT,0.05,0,0.052
20,between-4,norm,NON,0.05,0,0.0494
20,between-4,norm,PAR,0.01,0,0.0116
20,between-4,norm,RNK,0.01,0,0.0124
20,between-4,norm,INT,0.01,0,0.0112
20,between-4,norm,NON,0.01,0,0.0096
20,between-4,norm,PAR,0.05,0.5,0.2422
20,between-4,norm,RNK,0.05,0.5,0.233
20,between-4,norm,INT,0.05,0.5,0.2384
20,between-4,norm,NON,0.05,0.5,0.2248
20,between-4,norm,PAR,0.01,0.5,0.0914
20,between-4,norm,RNK,0.01,0.5,0.0908
20,between-4,norm,INT,0.01,0.5,0.0898
20,between-4,norm,NON,0.01,0.5,0.076
20,between-4,norm,PAR,0.05,1,0.7814
20,between-4,norm,RNK,0.05,1,0.7634
20,between-4,norm,INT,0.05,1,0.7718
20,between-4,norm,NON,0.05,1,0.753
20,between-4,norm,PAR,0.01,1,0.563
20,between-4,norm,RNK,0.01,1,0.5434
20,between-4,norm,INT,0.01,1,0.5548
20,between-4,norm,NON,0.01,1,0.5108
20,between-4,norm,PAR,0.05,1.5,0.9876
20,between-4,norm,RNK,0.05,1.5,0.9832
20,between-4,norm,INT,0.05,1.5,0.9852
20,between-4,norm,NON,0.05,1.5,0.9822
20,between-4,norm,PAR,0.01,1.5,0.9466
20,between-4,norm,RNK,0.01,1.5,0.936
20,between-4,norm,INT,0.01,1.5,0.944
20,between-4,norm,NON,0.01,1.5,0.9282
20,between-4,lnorm,PAR,0.05,0,0.0442
20,between-4,lnorm,RNK,0.05,0,0.0514
20,between-4,lnorm,INT,0.05,0,0.0508
20,between-4,lnorm,NON,0.05,0,0.049
20,between-4,lnorm,PAR,0.01,0,0.007
20,between-4,lnorm,RNK,0.01,0,0.014
20,between-4,lnorm,INT,0.01,0,0.0132
20,between-4,lnorm,NON,0.01,0,0.0106
20,between-4,lnorm,PAR,0.05,0.5,0.146
20,between-4,lnorm,RNK,0.05,0.5,0.249
20,between-4,lnorm,INT,0.05,0.5,0.2554
20,between-4,lnorm,NON,0.05,0.5,0.2398
20,between-4,lnorm,PAR,0.01,0.5,0.0436
20,between-4,lnorm,RNK,0.01,0.5,0.1018
20,between-4,lnorm,INT,0.01,0.5,0.1036
20,between-4,lnorm,NON,0.01,0.5,0.0864
20,between-4,lnorm,PAR,0.05,1,0.5
20,between-4,lnorm,RNK,0.05,1,0.7602
20,between-4,lnorm,INT,0.05,1,0.7724
20,between-4,lnorm,NON,0.05,1,0.7512
20,between-4,lnorm,PAR,0.01,1,0.2448
20,between-4,lnorm,RNK,0.01,1,0.5414
20,between-4,lnorm,INT,0.01,1,0.5556
20,between-4,lnorm,NON,0.01,1,0.508
20,between-4,lnorm,PAR,0.05,1.5,0.8356
20,between-4,lnorm,RNK,0.05,1.5,0.986
20,between-4,lnorm,INT,0.05,1.5,0.9866
20,between-4,lnorm,NON,0.05,1.5,0.9848
20,between-4,lnorm,PAR,0.01,1.5,0.6084
20,between-4,lnorm,RNK,0.01,1.5,0.9404
20,between-4,lnorm,INT,0.01,1.5,0.9458
20,between-4,lnorm,NON,0.01,1.5,0.9308
20,between-4,exp,PAR,0.05,0,0.0492
20,between-4,exp,RNK,0.05,0,0.055
20,between-4,exp,INT,0.05,0,0.0542
20,between-4,exp,NON,0.05,0,0.0512
20,between-4,exp,PAR,0.01,0,0.0084
20,between-4,exp,RNK,0.01,0,0.0102
20,between-4,exp,INT,0.01,0,0.01
20,between-4,exp,NON,0.01,0,0.0082
20,between-4,exp,PAR,0.05,0.5,0.196
20,between-4,exp,RNK,0.05,0.5,0.2012
20,between-4,exp,INT,0.05,0.5,0.2038
20,between-4,exp,NON,0.05,0.5,0.1924
20,between-4,exp,PAR,0.01,0.5,0.0692
20,between-4,exp,RNK,0.01,0.5,0.076
20,between-4,exp,INT,0.01,0.5,0.0734
20,between-4,exp,NON,0.01,0.5,0.0636
20,between-4,exp,PAR,0.05,1,0.6712
20,between-4,exp,RNK,0.05,1,0.6454
20,between-4,exp,INT,0.05,1,0.6492
20,between-4,exp,NON,0.05,1,0.6328
20,between-4,exp,PAR,0.01,1,0.3904
20,between-4,exp,RNK,0.01,1,0.4022
20,between-4,exp,INT,0.01,1,0.407
20,between-4,exp,NON,0.01,1,0.3698
20,between-4,exp,PAR,0.05,1.5,0.9436
20,between-4,exp,RNK,0.05,1.5,0.9494
20,between-4,exp,INT,0.05,1.5,0.9534
20,between-4,exp,NON,0.05,1.5,0.947
20,between-4,exp,PAR,0.01,1.5,0.7906
20,between-4,exp,RNK,0.01,1.5,0.8494
20,between-4,exp,INT,0.01,1.5,0.8532
20,between-4,exp,NON,0.01,1.5,0.8284
20,between-4,binom,PAR,0.05,0,0.0512
20,between-4,binom,RNK,0.05,0,0.0514
20,between-4,binom,INT,0.05,0,0.0528
20,between-4,binom,NON,0.05,0,0.0484
20,between-4,binom,PAR,0.01,0,0.0092
20,between-4,binom,RNK,0.01,0,0.0098
20,between-4,binom,INT,0.01,0,0.008
20,between-4,binom,NON,0.01,0,0.007
20,between-4,binom,PAR,0.05,0.5,0.2272
20,between-4,binom,RNK,0.05,0.5,0.2172
20,between-4,binom,INT,0.05,0.5,0.2258
20,between-4,binom,NON,0.05,0.5,0.2102
20,between-4,binom,PAR,0.01,0.5,0.0862
20,between-4,binom,RNK,0.01,0.5,0.086
20,between-4,binom,INT,0.01,0.5,0.0866
20,between-4,binom,NON,0.01,0.5,0.073
20,between-4,binom,PAR,0.05,1,0.7072
20,between-4,binom,RNK,0.05,1,0.6908
20,between-4,binom,INT,0.05,1,0.7074
20,between-4,binom,NON,0.05,1,0.68
20,between-4,binom,PAR,0.01,1,0.48
20,between-4,binom,RNK,0.01,1,0.4596
20,between-4,binom,INT,0.01,1,0.4848
20,between-4,binom,NON,0.01,1,0.4266
20,between-4,binom,PAR,0.05,1.5,0.9596
20,between-4,binom,RNK,0.05,1.5,0.9544
20,between-4,binom,INT,0.05,1.5,0.9592
20,between-4,binom,NON,0.05,1.5,0.952
20,between-4,binom,PAR,0.01,1.5,0.8746
20,between-4,binom,RNK,0.01,1.5,0.8664
20,between-4,binom,INT,0.01,1.5,0.8784
20,between-4,binom,NON,0.01,1.5,0.8474
20,between-4,poisson,PAR,0.05,0,0.048
20,between-4,poisson,RNK,0.05,0,0.0548
20,between-4,poisson,INT,0.05,0,0.051
20,between-4,poisson,NON,0.05,0,0.0512
20,between-4,poisson,PAR,0.01,0,0.0106
20,between-4,poisson,RNK,0.01,0,0.0104
20,between-4,poisson,INT,0.01,0,0.0108
20,between-4,poisson,NON,0.01,0,0.008
20,between-4,poisson,PAR,0.05,0.5,0.5696
20,between-4,poisson,RNK,0.05,0.5,0.5454
20,between-4,poisson,INT,0.05,0.5,0.5634
20,between-4,poisson,NON,0.05,0.5,0.5362
20,between-4,poisson,PAR,0.01,0.5,0.3336
20,between-4,poisson,RNK,0.01,0.5,0.3166
20,between-4,poisson,INT,0.01,0.5,0.3256
20,between-4,poisson,NON,0.01,0.5,0.2918
20,between-4,poisson,PAR,0.05,1,0.9858
20,between-4,poisson,RNK,0.05,1,0.983
20,between-4,poisson,INT,0.05,1,0.9846
20,between-4,poisson,NON,0.05,1,0.9818
20,between-4,poisson,PAR,0.01,1,0.937
20,between-4,poisson,RNK,0.01,1,0.9362
20,between-4,poisson,INT,0.01,1,0.9424
20,between-4,poisson,NON,0.01,1,0.9282
20,between-4,poisson,PAR,0.05,1.5,1
20,between-4,poisson,RNK,0.05,1.5,1
20,between-4,poisson,INT,0.05,1.5,0.9998
20,between-4,poisson,NON,0.05,1.5,1
20,between-4,poisson,PAR,0.01,1.5,0.9992
20,between-4,poisson,RNK,0.01,1.5,0.999
20,between-4,poisson,INT,0.01,1.5,0.999
20,between-4,poisson,NON,0.01,1.5,0.9984
20,between-4,likert,PAR,0.05,0,0.0468
20,between-4,likert,RNK,0.05,0,0.0496
20,between-4,likert,INT,0.05,0,0.0462
20,between-4,likert,NON,0.05,0,0.0448
20,between-4,likert,PAR,0.01,0,0.009
20,between-4,likert,RNK,0.01,0,0.0088
20,between-4,likert,INT,0.01,0,0.008
20,between-4,likert,NON,0.01,0,0.0078
20,between-4,likert,PAR,0.05,0.5,0.1926
20,between-4,likert,RNK,0.05,0.5,0.1988
20,between-4,likert,INT,0.05,0.5,0.2022
20,between-4,likert,NON,0.05,0.5,0.1918
20,between-4,likert,PAR,0.01,0.5,0.0684
20,between-4,likert,RNK,0.01,0.5,0.0726
20,between-4,likert,INT,0.01,0.5,0.0704
20,between-4,likert,NON,0.01,0.5,0.0602
20,between-4,likert,PAR,0.05,1,0.6352
20,between-4,likert,RNK,0.05,1,0.6524
20,between-4,likert,INT,0.05,1,0.6578
20,between-4,likert,NON,0.05,1,0.6418
20,between-4,likert,PAR,0.01,1,0.4046
20,between-4,likert,RNK,0.01,1,0.4152
20,between-4,likert,INT,0.01,1,0.4194
20,between-4,likert,NON,0.01,1,0.3886
20,between-4,likert,PAR,0.05,1.5,0.9356
20,between-4,likert,RNK,0.05,1.5,0.945
20,between-4,likert,INT,0.05,1.5,0.9486
20,between-4,likert,NON,0.05,1.5,0.9428
20,between-4,likert,PAR,0.01,1.5,0.822
20,between-4,likert,RNK,0.01,1.5,0.8416
20,between-4,likert,INT,0.01,1.5,0.8472
20,between-4,likert,NON,0.01,1.5,0.8226
